Index,Customer_Id,First_Name,Last_Name,Company,City,Country
1,DD37Cf93aecA6Dc,Sheryl,Baxter,Rasmussen Group,East Leonard,Chile
2,1Ef7b82A4CAAD10,Preston,Lozano,Vega-Gentry,East Jimmychester,Djibouti
3,A9f3C21B7eD44A1,Melanie,Nguyen,Ortega LLC,Port Daniel,Canada
4,C7B92Aef01D33A4,Joshua,Kim,Hill-Walker,West Amy,South Korea
5,8D4a1FBC92eE711,Angela,Rivera,Morris Inc,North Brian,United States
6,91BDeC3aF204B88,Kevin,Patel,Shah Group,Ahmedabad,India
7,AEF992bC410d3A1,Linda,Martinez,Flores PLC,San Pedro,Honduras
8,2C4D9A88bF1a9D3,Robert,Johnson,Johnson & Sons,Springfield,United States
9,73eF5C1A90D4bE6,Emily,Wright,Carter Ltd,Oxford,United Kingdom
10,0A91CBe44F3aD72,Daniel,Schmidt,Klein AG,Hamburg,Germany
11,F2C93A1eD3b9A77,Sophia,Rossi,Rossi SRL,Milan,Italy
12,5bD0A7F219C1Ee4,Michael,Brown,Brown Solutions,Austin,United States
13,9C71eA8dB4F2a11,Olivia,Wilson,Wilson Group,Perth,Australia
14,44aE29F1D9BC0A7,James,Taylor,Taylor Corp,Leeds,United Kingdom
15,8eA21D49fBC3E90,Isabella,Gomez,Gomez Holdings,Medellín,Colombia
16,AC1D29F7bE34a88,William,Anderson,Anderson LLC,Salem,United States
17,0D3fC71E9a8B42A,Charlotte,Moore,Moore Industries,Bristol,United Kingdom
18,E8F92D0B4C71A3e,Benjamin,Lee,Lee Trading,Busan,South Korea
19,1B3A9f7D2C8E4A0,Amelia,Clark,Clark Systems,Denver,United States
20,7E3C1D9A4B2F8a0,Lucas,Martin,Martin & Co,Lyon,France
21,0C8D4B2F93A1e7A,Harper,White,White Consulting,Boise,United States
22,FA1E39C7D2B840A,Henry,Harris,Harris Group,Manchester,United Kingdom
23,3A8F0C7B29E4D1A,Evelyn,Young,Young Enterprises,Wellington,New Zealand
24,9F1C7A30B4D8E2A,Alexander,King,King Logistics,Kingston,Jamaica
25,4E7D8A9F1B0C3A2,Abigail,Scott,Scott LLC,Portland,United States
26,1D8A4C0F7B39E2A,Matthew,Green,Green Energy,Oslo,Norway
27,CB2A7F1D4E903A8,Emily,Adams,Adams & Partners,Albany,United States
28,9A4E7D8F3B21C0A,Joseph,Nelson,Nelson Corp,Stockholm,Sweden
29,3B8C4F7A9E1D20A,Mia,Carter,Carter Studios,Los Angeles,United States
30,8A9F1E0D4C7B32A,David,Mitchell,Mitchell Group,York,United Kingdom
31,7A3C4F9D8E1B20A,Grace,Perez,Perez Consulting,Phoenix,United States
32,4E8D1A9C3F7B20A,Andrew,Roberts,Roberts Ltd,Cardiff,United Kingdom
33,9C7A3E1D8F4B20A,Chloe,Turner,Turner Design,Brighton,United Kingdom
34,1A7F8E4D9C3B20A,Christopher,Phillips,Phillips Inc,Orlando,United States
35,8C4D3F1A9E7B20A,Zoey,Campbell,Campbell Co,Edinburgh,United Kingdom
36,3F7E1A8D9C4B20A,Anthony,Parker,Parker Group,San Diego,United States
37,4A8F1D7C3E9B20A,Natalie,Evans,Evans Holdings,Swansea,United Kingdom
38,9D1F7A8C4E3B20A,Jonathan,Edwards,Edwards Corp,Reading,United Kingdom
39,7C3A4E9D8F1B20A,Hannah,Collins,Collins Media,Boulder,United States
40,1F9A8C4D7E3B20A,Ryan,Stewart,Stewart Solutions,Tacoma,United States
41,3E8D7A9C4F1B20A,Lily,Sanchez,Sanchez Group,Monterrey,Mexico
42,4F1A8D7E9C3B20A,Brandon,Morris,Morris Tech,Raleigh,United States
43,9A3F7C1D8E4B20A,Avery,Rogers,Rogers Consulting,Eugene,United States
44,7D8C4E1A9F3B20A,Justin,Reed,Reed Industries,Toledo,United States
45,1C9F3A7D8E4B20A,Scarlett,Cook,Cook Enterprises,Knoxville,United States
46,8F7E1C4A9D3B20A,Aaron,Morgan,Morgan Group,Provo,United States
47,3A9C7F1D8E4B20A,Victoria,Bell,Bell Systems,Derby,United Kingdom
48,4D7A8F1E9C3B20A,Jason,Murphy,Murphy & Co,Cork,Ireland
49,9E1A3C7D8F4B20A,Penelope,Bailey,Bailey Corp,Salinas,United States
50,7F8D9C1A3E4B20A,Tyler,Cooper,Cooper Services,Lincoln,United States
51,2A4C7E9D1F3B8A,Noah,Howard,Howard Group,Madison,United States
52,8B3A1F9D7E4C2A,Aria,Ward,Ward Logistics,Salford,United Kingdom
53,9C2F7D8A4E3B1A,Ethan,Cox,Cox Manufacturing,Akron,United States
54,4E1A9D2C8F7B3A,Leah,Diaz,Diaz Consulting,El Paso,United States
55,7D3F1E8A9C2B4A,Caleb,Richardson,Richardson Ltd,Milton,Canada
56,1A8F9E7C2D3B4A,Audrey,Watson,Watson Group,Redmond,United States
57,2D9A4C3F8E7B1A,Christian,Brooks,Brooks Systems,Fresno,United States
58,8E1C2A9D7F3B4A,Skylar,Kelly,Kelly Solutions,Galway,Ireland
59,7C4A9F8D3E1B2A,Isaac,Sanders,Sanders Corp,Lubbock,United States
60,9A1D7C4E8F3B2A,Anna,Price,Price Holdings,Bath,United Kingdom
61,3B4C9D1A8E7F2A,Julian,Bennett,Bennett & Co,Yuma,United States
62,2E7A8D3F9C1B4A,Eleanor,Wood,Wood Enterprises,Exeter,United Kingdom
63,9F3B1A7C4E8D2A,Owen,Barnes,Barnes Group,Reno,United States
64,1C9A4D2E8F7B3A,Stella,Ross,Ross Design,Como,Italy
65,8D2A7C9F4E1B3A,Connor,Henderson,Henderson Ltd,Kelowna,Canada
66,3A9F8B2C7D4E1A,Paisley,Cole,Cole Consulting,Dover,United States
67,4F1C8A9D7E3B2A,Jeremiah,Long,Long Logistics,Mobile,United States
68,9A2E7F4C1D8B3A,Naomi,Powell,Powell Group,Torquay,United Kingdom
69,7B3A8F1C9D4E2A,Easton,Perry,Perry Solutions,Abilene,United States
70,1D4C9A8E2F7B3A,Lucy,Hughes,Hughes Corp,Newport,United Kingdom
71,8C1A2D9F7E4B3A,Adrian,Butler,Butler Industries,Tempe,United States
72,3F4B1E9A2C8D7A,Clara,Simmons,Simmons Group,Durham,United States
73,9A8C7D4E1B3F2A,Leo,Foster,Foster Ltd,Sheffield,United Kingdom
74,2D7F1A9E8C4B3A,Eliza,Gonzalez,Gonzalez & Co,San Luis Potosí,Mexico
75,1B3E4C8A9F7D2A,Nathan,Bryant,Bryant Systems,Lawrence,United States
76,7A2C9D4F1E8B3A,Ruby,Alexander,Alexander Group,Dundee,United Kingdom
77,8F1A4D3C2E9B7A,Samuel,Russell,Russell Corp,Bozeman,United States
78,3C9E8B2A7D1F4A,Freya,Griffin,Griffin Design,Truro,United Kingdom
79,2A4D7F9C8E1B3A,Thomas,Hayes,Hayes Consulting,Waterloo,Canada
80,9B8A1E2D3F4C7A,Ivy,Myers,Myers Group,Pasadena,United States
81,4C2A7D9F8E1B3A,Zachary,Ford,Ford Solutions,Dearborn,United States
82,1F3E8A9C2D4B7A,Willow,Hamilton,Hamilton Co,Stirling,United Kingdom
83,7A8C9D4B2E1F3A,Jordan,Graham,Graham Logistics,Spokane,United States
84,9E1B3A4F2C7D8A,Millie,Sullivan,Sullivan Group,Limerick,Ireland
85,2A8D4F9C1B7E3A,Cooper,Wallace,Wallace Inc,Bend,United States
86,3C7A1E9B8F4D2A,Piper,Woods,Woods Design,Ashland,United States
87,1E9C4B2A7F8D3A,Asher,West,West Solutions,Bismarck,United States
88,8A7D1C9F4E2B3A,Luna,Jordan,Jordan Group,Flagstaff,United States
89,9C3A8D2F1E4B7A,Miles,Owens,Owens Corp,Cheyenne,United States
90,7F1B9A3E4C2D8A,Maeve,Reynolds,Reynolds Ltd,Galway,Ireland
91,2C4A8D7E9F1B3A,Declan,Fisher,Fisher Group,Burlington,United States
92,1A9F3C8B2E7D4A,Nora,Ellis,Ellis Consulting,Kingston,Canada
93,8D7A1C9E2F4B3A,Rowan,Hart,Hart Solutions,Helena,United States
94,3F9B4A2C7D1E8A,Esme,Porter,Porter & Co,Oxford,United Kingdom
95,9A8E1D3F4C2B7A,Silas,Knight,Knight Systems,Laramie,United States
96,4B7C2A1E9D8F3A,Imogen,Spencer,Spencer Design,Canterbury,United Kingdom
97,1C9A8F3D2B7E4A,Theo,Matthews,Matthews Group,Ames,United States
98,7D4A1C8B2E9F3A,Orla,Donovan,Donovan Ltd,Killarney,Ireland
99,8A3F9C4D7B1E2A,Beckett,Holland,Holland Corp,Missoula,United States
100,2F1D4A9C7E3B8A,Sienna,Lawson,Lawson Solutions,Winchester,United Kingdom
